{"cameraMode":{"drawMode":31,"name":"Sprite Mask","section":"Miscellaneous"},"sceneLighting":false,"audioPlay":false,"sceneViewState":{"showFog":true,"showMaterialUpdate":false,"showSkybox":false,"showFlares":true,"showImageEffects":true,"showParticleSystems":true},"in2DMode":false,"pivot":{"x":1.6169403791427613,"y":2.189927816390991,"z":5.2026567459106449},"rotation":{"x":-0.05109193176031113,"y":0.9245635867118836,"z":-0.35309481620788576,"w":-0.13378100097179414},"size":5.978055477142334,"orthographic":false}