{"cameraMode":{"drawMode":31,"name":"Sprite Mask","section":"Miscellaneous"},"sceneLighting":true,"audioPlay":false,"sceneViewState":{"showFog":true,"showMaterialUpdate":false,"showSkybox":true,"showFlares":true,"showImageEffects":true,"showParticleSystems":true},"in2DMode":false,"pivot":{"x":32.51323318481445,"y":-1.5829176902770997,"z":11.77396011352539},"rotation":{"x":0.06071547791361809,"y":0.9368122220039368,"z":-0.27630385756492617,"w":0.2058531641960144},"size":15.146669387817383,"orthographic":false}