{"cameraMode":{"drawMode":31,"name":"Sprite Mask","section":"Miscellaneous"},"sceneLighting":true,"audioPlay":false,"sceneViewState":{"showFog":true,"showMaterialUpdate":false,"showSkybox":true,"showFlares":true,"showImageEffects":true,"showParticleSystems":true},"in2DMode":false,"pivot":{"x":-4.8897247314453129,"y":-1.9407157897949219,"z":27.686687469482423},"rotation":{"x":0.06071547791361809,"y":0.9368122220039368,"z":-0.27630385756492617,"w":0.2058531641960144},"size":26.129453659057618,"orthographic":false}