{"cameraMode":{"drawMode":31,"name":"Sprite Mask","section":"Miscellaneous"},"sceneLighting":false,"audioPlay":false,"sceneViewState":{"showFog":true,"showMaterialUpdate":false,"showSkybox":false,"showFlares":true,"showImageEffects":true,"showParticleSystems":true},"in2DMode":false,"pivot":{"x":1.0609850883483887,"y":0.26329755783081057,"z":-0.16443443298339845},"rotation":{"x":0.1503586620092392,"y":0.7947207093238831,"z":-0.5458074808120728,"w":0.2189147025346756},"size":9.72148323059082,"orthographic":false}