{"cameraMode":{"drawMode":31,"name":"Sprite Mask","section":"Miscellaneous"},"sceneLighting":true,"audioPlay":false,"sceneViewState":{"showFog":true,"showMaterialUpdate":false,"showSkybox":true,"showFlares":true,"showImageEffects":true,"showParticleSystems":true},"in2DMode":false,"pivot":{"x":-11.705058097839356,"y":4.891317367553711,"z":28.774517059326173},"rotation":{"x":0.11319608241319657,"y":0.807678759098053,"z":-0.5547102093696594,"w":0.16481773555278779},"size":12.860477447509766,"orthographic":false}