{"cameraMode":{"drawMode":31,"name":"Sprite Mask","section":"Miscellaneous"},"sceneLighting":true,"audioPlay":false,"sceneViewState":{"showFog":true,"showMaterialUpdate":false,"showSkybox":true,"showFlares":true,"showImageEffects":true,"showParticleSystems":true},"in2DMode":false,"pivot":{"x":-19.466323852539064,"y":1.770735740661621,"z":34.287837982177737},"rotation":{"x":0.11319608241319657,"y":0.807678759098053,"z":-0.5547102093696594,"w":0.16481773555278779},"size":19.971925735473634,"orthographic":false}