{"cameraMode":{"drawMode":31,"name":"Sprite Mask","section":"Miscellaneous"},"sceneLighting":false,"audioPlay":false,"sceneViewState":{"showFog":true,"showMaterialUpdate":false,"showSkybox":false,"showFlares":true,"showImageEffects":true,"showParticleSystems":true},"in2DMode":false,"pivot":{"x":1.1920928955078126e-7,"y":1.8295276165008546,"z":6.016658306121826},"rotation":{"x":-0.05109193176031113,"y":0.9245635867118836,"z":-0.35309481620788576,"w":-0.13378100097179414},"size":4.778054714202881,"orthographic":false}