{"cameraMode":{"drawMode":31,"name":"Sprite Mask","section":"Miscellaneous"},"sceneLighting":true,"audioPlay":false,"sceneViewState":{"showFog":true,"showMaterialUpdate":false,"showSkybox":false,"showFlares":true,"showImageEffects":true,"showParticleSystems":true},"in2DMode":false,"pivot":{"x":371.7642822265625,"y":208.18373107910157,"z":-8.035622596740723},"rotation":{"x":0.036252524703741077,"y":0.9637578129768372,"z":-0.18915632367134095,"w":0.18464840948581696},"size":1426.6868896484375,"orthographic":false}