{"cameraMode":{"drawMode":31,"name":"Sprite Mask","section":"Miscellaneous"},"sceneLighting":false,"audioPlay":false,"sceneViewState":{"showFog":true,"showMaterialUpdate":false,"showSkybox":false,"showFlares":true,"showImageEffects":true,"showParticleSystems":true},"in2DMode":false,"pivot":{"x":-15.98218059539795,"y":1.5651812553405762,"z":16.434995651245118},"rotation":{"x":-0.05109193176031113,"y":0.9245635867118836,"z":-0.35309481620788576,"w":-0.13378100097179414},"size":12.308319091796875,"orthographic":false}