{"cameraMode":{"drawMode":31,"name":"Sprite Mask","section":"Miscellaneous"},"sceneLighting":true,"audioPlay":false,"sceneViewState":{"showFog":true,"showMaterialUpdate":false,"showSkybox":true,"showFlares":true,"showImageEffects":true,"showParticleSystems":true},"in2DMode":false,"pivot":{"x":1.6340665817260743,"y":-23.38046646118164,"z":5.294151306152344},"rotation":{"x":0.09939689189195633,"y":0.8936044573783875,"z":-0.3629494905471802,"w":0.2447155863046646},"size":37.729652404785159,"orthographic":false}