{"cameraMode":{"drawMode":31,"name":"Sprite Mask","section":"Miscellaneous"},"sceneLighting":false,"audioPlay":false,"sceneViewState":{"showFog":true,"showMaterialUpdate":false,"showSkybox":false,"showFlares":true,"showImageEffects":true,"showParticleSystems":true},"in2DMode":false,"pivot":{"x":-1.9080246686935425,"y":0.7270679473876953,"z":9.70690631866455},"rotation":{"x":-0.31501293182373049,"y":0.06740184873342514,"z":-0.022434480488300325,"w":-0.9464291334152222},"size":22.0,"orthographic":false}