{"cameraMode":{"drawMode":31,"name":"Sprite Mask","section":"Miscellaneous"},"sceneLighting":false,"audioPlay":false,"sceneViewState":{"showFog":true,"showMaterialUpdate":false,"showSkybox":false,"showFlares":true,"showImageEffects":true,"showParticleSystems":true},"in2DMode":false,"pivot":{"x":-29.34568977355957,"y":18.56801414489746,"z":50.89397430419922},"rotation":{"x":-0.05109193176031113,"y":0.9245635867118836,"z":-0.35309481620788576,"w":-0.13378100097179414},"size":1.7722902297973633,"orthographic":false}