{"cameraMode":{"drawMode":31,"name":"Sprite Mask","section":"Miscellaneous"},"sceneLighting":false,"audioPlay":false,"sceneViewState":{"showFog":true,"showMaterialUpdate":false,"showSkybox":false,"showFlares":true,"showImageEffects":true,"showParticleSystems":true},"in2DMode":false,"pivot":{"x":-13.40999984741211,"y":1.3299999237060547,"z":20.860000610351564},"rotation":{"x":-0.05109193176031113,"y":0.9245635867118836,"z":-0.35309481620788576,"w":-0.13378100097179414},"size":4.0416579246521,"orthographic":false}